scenario,seed,detector,prechange_alert_fraction,runs_with_postonset_alert,postonset_alert_fraction,delay_batches,all_alert_fraction
no_change,0,covariate_alert,0.1,True,0.1,7.0,0.1
no_change,0,performance_alert,0.0,False,0.0,,0.0
no_change,1,covariate_alert,0.15,False,0.0,,0.075
no_change,1,performance_alert,0.0,False,0.0,,0.0
no_change,2,covariate_alert,0.0,False,0.0,,0.0
no_change,2,performance_alert,0.0,False,0.0,,0.0
no_change,3,covariate_alert,0.2,True,0.05,11.0,0.125
no_change,3,performance_alert,0.05,False,0.0,,0.025
no_change,4,covariate_alert,0.1,True,0.15,4.0,0.125
no_change,4,performance_alert,0.0,False,0.0,,0.0
no_change,5,covariate_alert,0.1,False,0.0,,0.05
no_change,5,performance_alert,0.0,False,0.0,,0.0
no_change,6,covariate_alert,0.05,True,0.1,8.0,0.075
no_change,6,performance_alert,0.0,False,0.0,,0.0
no_change,7,covariate_alert,0.0,True,0.05,0.0,0.025
no_change,7,performance_alert,0.0,False,0.0,,0.0
no_change,8,covariate_alert,0.0,True,0.05,0.0,0.025
no_change,8,performance_alert,0.0,False,0.0,,0.0
no_change,9,covariate_alert,0.0,True,0.15,2.0,0.075
no_change,9,performance_alert,0.0,False,0.0,,0.0
no_change,10,covariate_alert,0.05,False,0.0,,0.025
no_change,10,performance_alert,0.0,False,0.0,,0.0
no_change,11,covariate_alert,0.05,True,0.15,0.0,0.1
no_change,11,performance_alert,0.0,False,0.0,,0.0
no_change,12,covariate_alert,0.1,False,0.0,,0.05
no_change,12,performance_alert,0.0,False,0.0,,0.0
no_change,13,covariate_alert,0.15,False,0.0,,0.075
no_change,13,performance_alert,0.0,False,0.0,,0.0
no_change,14,covariate_alert,0.05,False,0.0,,0.025
no_change,14,performance_alert,0.0,False,0.0,,0.0
no_change,15,covariate_alert,0.1,False,0.0,,0.05
no_change,15,performance_alert,0.0,False,0.0,,0.0
no_change,16,covariate_alert,0.1,True,0.05,6.0,0.075
no_change,16,performance_alert,0.05,False,0.0,,0.025
no_change,17,covariate_alert,0.1,True,0.1,8.0,0.1
no_change,17,performance_alert,0.0,False,0.0,,0.0
no_change,18,covariate_alert,0.1,True,0.05,12.0,0.075
no_change,18,performance_alert,0.05,False,0.0,,0.025
no_change,19,covariate_alert,0.0,True,0.1,4.0,0.05
no_change,19,performance_alert,0.0,True,0.05,2.0,0.025
sensor_bias,0,covariate_alert,0.1,True,1.0,0.0,0.55
sensor_bias,0,performance_alert,0.0,True,0.65,1.0,0.325
sensor_bias,1,covariate_alert,0.15,True,1.0,0.0,0.575
sensor_bias,1,performance_alert,0.0,True,0.6,2.0,0.3
sensor_bias,2,covariate_alert,0.0,True,1.0,0.0,0.5
sensor_bias,2,performance_alert,0.0,True,0.65,1.0,0.325
sensor_bias,3,covariate_alert,0.2,True,1.0,0.0,0.6
sensor_bias,3,performance_alert,0.05,True,0.7,2.0,0.375
sensor_bias,4,covariate_alert,0.1,True,1.0,0.0,0.55
sensor_bias,4,performance_alert,0.0,True,0.55,0.0,0.275
sensor_bias,5,covariate_alert,0.1,True,1.0,0.0,0.55
sensor_bias,5,performance_alert,0.0,True,0.65,1.0,0.325
sensor_bias,6,covariate_alert,0.05,True,1.0,0.0,0.525
sensor_bias,6,performance_alert,0.0,True,0.5,1.0,0.25
sensor_bias,7,covariate_alert,0.0,True,1.0,0.0,0.5
sensor_bias,7,performance_alert,0.0,True,0.7,0.0,0.35
sensor_bias,8,covariate_alert,0.0,True,1.0,0.0,0.5
sensor_bias,8,performance_alert,0.0,True,0.6,2.0,0.3
sensor_bias,9,covariate_alert,0.0,True,1.0,0.0,0.5
sensor_bias,9,performance_alert,0.0,True,1.0,0.0,0.5
sensor_bias,10,covariate_alert,0.05,True,1.0,0.0,0.525
sensor_bias,10,performance_alert,0.0,True,0.85,1.0,0.425
sensor_bias,11,covariate_alert,0.05,True,1.0,0.0,0.525
sensor_bias,11,performance_alert,0.0,True,0.65,1.0,0.325
sensor_bias,12,covariate_alert,0.1,True,1.0,0.0,0.55
sensor_bias,12,performance_alert,0.0,True,0.55,3.0,0.275
sensor_bias,13,covariate_alert,0.15,True,1.0,0.0,0.575
sensor_bias,13,performance_alert,0.0,True,0.55,1.0,0.275
sensor_bias,14,covariate_alert,0.05,True,1.0,0.0,0.525
sensor_bias,14,performance_alert,0.0,True,0.6,2.0,0.3
sensor_bias,15,covariate_alert,0.1,True,1.0,0.0,0.55
sensor_bias,15,performance_alert,0.0,True,0.6,1.0,0.3
sensor_bias,16,covariate_alert,0.1,True,1.0,0.0,0.55
sensor_bias,16,performance_alert,0.05,True,0.75,1.0,0.4
sensor_bias,17,covariate_alert,0.1,True,1.0,0.0,0.55
sensor_bias,17,performance_alert,0.0,True,0.65,2.0,0.325
sensor_bias,18,covariate_alert,0.1,True,1.0,0.0,0.55
sensor_bias,18,performance_alert,0.05,True,0.45,4.0,0.25
sensor_bias,19,covariate_alert,0.0,True,1.0,0.0,0.5
sensor_bias,19,performance_alert,0.0,True,0.6,3.0,0.3
demand_growth,0,covariate_alert,0.1,True,0.1,7.0,0.1
demand_growth,0,performance_alert,0.0,True,0.95,1.0,0.475
demand_growth,1,covariate_alert,0.15,False,0.0,,0.075
demand_growth,1,performance_alert,0.0,True,0.95,1.0,0.475
demand_growth,2,covariate_alert,0.0,False,0.0,,0.0
demand_growth,2,performance_alert,0.0,True,0.95,1.0,0.475
demand_growth,3,covariate_alert,0.2,True,0.05,11.0,0.125
demand_growth,3,performance_alert,0.05,True,0.95,1.0,0.5
demand_growth,4,covariate_alert,0.1,True,0.15,4.0,0.125
demand_growth,4,performance_alert,0.0,True,1.0,0.0,0.5
demand_growth,5,covariate_alert,0.1,False,0.0,,0.05
demand_growth,5,performance_alert,0.0,True,0.95,1.0,0.475
demand_growth,6,covariate_alert,0.05,True,0.1,8.0,0.075
demand_growth,6,performance_alert,0.0,True,0.95,1.0,0.475
demand_growth,7,covariate_alert,0.0,True,0.05,0.0,0.025
demand_growth,7,performance_alert,0.0,True,1.0,0.0,0.5
demand_growth,8,covariate_alert,0.0,True,0.05,0.0,0.025
demand_growth,8,performance_alert,0.0,True,0.95,1.0,0.475
demand_growth,9,covariate_alert,0.0,True,0.15,2.0,0.075
demand_growth,9,performance_alert,0.0,True,1.0,0.0,0.5
demand_growth,10,covariate_alert,0.05,False,0.0,,0.025
demand_growth,10,performance_alert,0.0,True,0.95,1.0,0.475
demand_growth,11,covariate_alert,0.05,True,0.15,0.0,0.1
demand_growth,11,performance_alert,0.0,True,0.95,1.0,0.475
demand_growth,12,covariate_alert,0.1,False,0.0,,0.05
demand_growth,12,performance_alert,0.0,True,0.95,1.0,0.475
demand_growth,13,covariate_alert,0.15,False,0.0,,0.075
demand_growth,13,performance_alert,0.0,True,0.95,1.0,0.475
demand_growth,14,covariate_alert,0.05,False,0.0,,0.025
demand_growth,14,performance_alert,0.0,True,0.95,1.0,0.475
demand_growth,15,covariate_alert,0.1,False,0.0,,0.05
demand_growth,15,performance_alert,0.0,True,0.95,1.0,0.475
demand_growth,16,covariate_alert,0.1,True,0.05,6.0,0.075
demand_growth,16,performance_alert,0.05,True,0.95,1.0,0.5
demand_growth,17,covariate_alert,0.1,True,0.1,8.0,0.1
demand_growth,17,performance_alert,0.0,True,0.95,1.0,0.475
demand_growth,18,covariate_alert,0.1,True,0.05,12.0,0.075
demand_growth,18,performance_alert,0.05,True,0.95,1.0,0.5
demand_growth,19,covariate_alert,0.0,True,0.1,4.0,0.05
demand_growth,19,performance_alert,0.0,True,0.95,1.0,0.475
