feature,distance,ks_statistic,ks_pvalue,psi,type,week
temp,0.7054126766646776,0.5626595303649143,5.086182110305228e-49,2.2191728017257866,numeric,2012-01-02
atemp,0.6899377765784023,0.5626595303649143,5.086182110305228e-49,2.1704212401701883,numeric,2012-01-02
hum,0.5354234995772443,0.4248457447105169,3.823465287244988e-27,1.2210109998700933,numeric,2012-01-02
windspeed,0.13169582645979025,0.09909333769592141,0.07623117431179657,0.06752793975283963,numeric,2012-01-02
weathersit,0.1551699457341139,,,,categorical,2012-01-02
workingday,0.11592896169783998,,,,categorical,2012-01-02
temp,0.7299410802734799,0.6214103925027933,5.651462868748e-61,2.709845465611685,numeric,2012-01-09
atemp,0.7039486417544372,0.6214103925027933,5.651462868748e-61,2.7019787341871013,numeric,2012-01-09
hum,0.11055811482462162,0.11432645420119092,0.026075719715147303,0.2190649057725089,numeric,2012-01-09
windspeed,0.06042396087853119,0.05048921096025893,0.7810977846967903,0.053134268494468354,numeric,2012-01-09
weathersit,0.05880105668823793,,,,categorical,2012-01-09
workingday,0.02179558920036362,,,,categorical,2012-01-09
temp,0.8096804941292001,0.643756262699686,5.197520158221653e-66,2.91838899330859,numeric,2012-01-16
atemp,0.8114634153025219,0.6719191235659696,8.516093796377933e-73,3.021459910425725,numeric,2012-01-16
hum,0.11618704084654995,0.1096713744197417,0.03678655612840295,0.14089154585251762,numeric,2012-01-16
windspeed,0.3747018072156686,0.24352072012448248,5.541877810202495e-09,0.35605966171592807,numeric,2012-01-16
weathersit,0.162195323726964,,,,categorical,2012-01-16
workingday,0.12191698564993575,,,,categorical,2012-01-16
temp,0.5834725487007388,0.5918267027394628,4.771609931296027e-55,2.5457087266687632,numeric,2012-01-23
atemp,0.5519903938546602,0.5918267027394628,4.771609931296027e-55,2.7257983188092183,numeric,2012-01-23
hum,0.18239110798899882,0.18630527342883754,1.8973746345612404e-05,0.2622366189177128,numeric,2012-01-23
windspeed,0.13089048922691673,0.1185431173400748,0.018361697628742596,0.1217408380346161,numeric,2012-01-23
weathersit,0.13693432977040554,,,,categorical,2012-01-23
workingday,0.02350645318667674,,,,categorical,2012-01-23
temp,0.5457631507189099,0.5206180423116157,9.782457001990461e-42,2.3129008796722808,numeric,2012-01-30
atemp,0.5103022964734936,0.5206180423116157,9.782457001990461e-42,2.0820717282289607,numeric,2012-01-30
hum,0.20586757602160546,0.1733804201593708,8.948001466797982e-05,0.16809198300889538,numeric,2012-01-30
windspeed,0.07978332598717972,0.08136522227642998,0.2161542593063059,0.08208341313757,numeric,2012-01-30
weathersit,0.09536375866708059,,,,categorical,2012-01-30
workingday,0.02350645318667674,,,,categorical,2012-01-30
temp,0.7349485547171207,0.6331884507916796,1.3575833714375223e-63,2.7642769299019103,numeric,2012-02-06
atemp,0.7149211210442433,0.6331884507916796,1.3575833714375223e-63,2.7602622245072936,numeric,2012-02-06
hum,0.17915895282773725,0.14219279540887178,0.0024617768732280985,0.19128862273250868,numeric,2012-02-06
windspeed,0.12510577203729076,0.06298858352837944,0.51728653099566,0.06466539140804693,numeric,2012-02-06
weathersit,0.06654217178806004,,,,categorical,2012-02-06
workingday,0.02179558920036362,,,,categorical,2012-02-06
temp,0.5933321998984838,0.6212836888869177,2.6928946865252074e-61,2.780132345603909,numeric,2012-02-13
atemp,0.5449599778800783,0.6212836888869177,2.6928946865252074e-61,2.9463996116394497,numeric,2012-02-13
hum,0.25688633206334577,0.21813877677739832,2.548456690716028e-07,0.322564367106383,numeric,2012-02-13
windspeed,0.11659983189900698,0.0709314616874381,0.36475987516453723,0.041177581578741,numeric,2012-02-13
weathersit,0.1309819488180246,,,,categorical,2012-02-13
workingday,0.02350645318667674,,,,categorical,2012-02-13
temp,0.525965706975683,0.5354114377410293,8.463427329714286e-44,2.5961669532558447,numeric,2012-02-20
atemp,0.49947562001274814,0.5354114377410293,8.463427329714286e-44,2.237077630517693,numeric,2012-02-20
hum,0.31806560449768945,0.24138466314809065,8.769824695258606e-09,0.37555284786363485,numeric,2012-02-20
windspeed,0.278988034269775,0.14504961790658444,0.00195402416558109,0.15412633775733095,numeric,2012-02-20
weathersit,0.09979876039395084,,,,categorical,2012-02-20
workingday,0.11849010447253153,,,,categorical,2012-02-20
temp,0.4713894677787136,0.5028759618298331,1.4744077505351163e-38,2.500221879803186,numeric,2012-02-27
atemp,0.4301132419588595,0.5028759618298331,1.4744077505351163e-38,2.308606581215772,numeric,2012-02-27
hum,0.2429701392799823,0.22540141697356605,9.52317335474803e-08,0.40016987216156197,numeric,2012-02-27
windspeed,0.10863212966257658,0.08783209736999147,0.15263927186501655,0.06028503526467624,numeric,2012-02-27
weathersit,0.05843761096248977,,,,categorical,2012-02-27
workingday,0.02179558920036362,,,,categorical,2012-02-27
temp,0.4751022120098002,0.44299572230887496,1.372112394560253e-29,1.6755076187782187,numeric,2012-03-05
atemp,0.45654656698912816,0.44299572230887496,1.372112394560253e-29,1.495356858884339,numeric,2012-03-05
hum,0.5349439227322961,0.40496777323961203,1.3150046478649619e-24,1.2836404996058242,numeric,2012-03-05
windspeed,0.5643559799462904,0.3734762700615534,7.069881379001555e-21,0.6308021611263731,numeric,2012-03-05
weathersit,0.1671459936383055,,,,categorical,2012-03-05
workingday,0.027783613152459447,,,,categorical,2012-03-05
temp,0.3096491649541945,0.25896091128161913,3.5941031623198575e-10,1.8555702737752453,numeric,2012-03-12
atemp,0.3006927477907679,0.258914711491551,3.623541404273154e-10,2.096801857478887,numeric,2012-03-12
hum,0.09749651981452363,0.10516550612794015,0.049574561141433875,0.13568258166569186,numeric,2012-03-12
windspeed,0.2529861284611829,0.17807431883029523,5.162000772286305e-05,0.22354931311390064,numeric,2012-03-12
weathersit,0.10717242500850076,,,,categorical,2012-03-12
workingday,0.02350645318667674,,,,categorical,2012-03-12
temp,0.3502533391154938,0.30859981372244644,2.447148674769604e-14,2.2920869006586337,numeric,2012-03-19
atemp,0.3357869549761558,0.30859981372244644,2.447148674769604e-14,2.3630951468697057,numeric,2012-03-19
hum,0.5651024192713808,0.4100545527121125,2.1833326720027804e-25,1.0713075162874008,numeric,2012-03-19
windspeed,0.28474877768614376,0.18997908073505715,1.1954398896539678e-05,0.34594537097400413,numeric,2012-03-19
weathersit,0.15336851909344926,,,,categorical,2012-03-19
workingday,0.02350645318667674,,,,categorical,2012-03-19
temp,0.4036271352516308,0.45422709599207584,2.42790459721548e-31,2.3075826525784735,numeric,2012-03-26
atemp,0.3544619109092352,0.45143293268875384,6.0784729071302875e-31,2.000561632237013,numeric,2012-03-26
hum,0.3446338019840038,0.2091094898064783,9.291871436011382e-07,0.687617993673247,numeric,2012-03-26
windspeed,0.2955077786062888,0.16796950074658862,0.00016560364842307829,0.22830669894191702,numeric,2012-03-26
weathersit,0.07297718839165593,,,,categorical,2012-03-26
workingday,0.02350645318667674,,,,categorical,2012-03-26
temp,0.359840548645026,0.3646931532774253,6.732614255187471e-20,2.248080423077257,numeric,2012-04-02
atemp,0.3272432126584691,0.35568973818894345,6.372417450503136e-19,1.9218696632092989,numeric,2012-04-02
hum,0.8225868819990887,0.5354438592544808,4.671027068095175e-44,1.6900964288065956,numeric,2012-04-02
windspeed,0.20803354462449922,0.15370036084304536,0.0007986076296675108,0.1537831629276031,numeric,2012-04-02
weathersit,0.2569663529197426,,,,categorical,2012-04-02
workingday,0.02179558920036362,,,,categorical,2012-04-02
temp,0.3145738431034031,0.3594385274777982,2.519502103447241e-19,1.6159324457504534,numeric,2012-04-09
atemp,0.28310677042937926,0.34371369028475185,1.1486628464251643e-17,1.906274932509301,numeric,2012-04-09
hum,0.6127411579780817,0.383557938454045,4.929750591649739e-22,1.3947070630870557,numeric,2012-04-09
windspeed,0.3084652375833812,0.17249729042380932,0.00010488234370606,0.31564361404326924,numeric,2012-04-09
weathersit,0.1851100654945929,,,,categorical,2012-04-09
workingday,0.02179558920036362,,,,categorical,2012-04-09
temp,0.2643148509533173,0.26803085406779914,7.118441999245854e-11,1.3418354659250753,numeric,2012-04-16
atemp,0.24842383615218755,0.25296233053917005,1.015404359900455e-09,1.5322406603554355,numeric,2012-04-16
hum,0.11164241863233358,0.11707026803270205,0.020603000949274596,0.3781514231399126,numeric,2012-04-16
windspeed,0.164313669827696,0.14892225129729011,0.0012348884905332793,0.1356929141562233,numeric,2012-04-16
weathersit,0.09381514170399613,,,,categorical,2012-04-16
workingday,0.11935068967046614,,,,categorical,2012-04-16
temp,0.39106099768549324,0.44881063260448545,1.4269508351378507e-30,2.80754910475762,numeric,2012-04-23
atemp,0.3503990046186062,0.4398072175160036,2.5641592795006186e-29,2.30505362091651,numeric,2012-04-23
hum,0.2536766090999398,0.18528703005573544,2.1526980480932894e-05,0.487646967924532,numeric,2012-04-23
windspeed,0.0874672864213473,0.0931092089117547,0.10958576943519503,0.10555950985832896,numeric,2012-04-23
weathersit,0.034320900045830195,,,,categorical,2012-04-23
workingday,0.02350645318667674,,,,categorical,2012-04-23
temp,0.31293150603923664,0.2966950518176845,2.88103267268777e-13,1.7676092828508174,numeric,2012-04-30
atemp,0.30227081008539936,0.2966950518176845,2.88103267268777e-13,1.7706399806366804,numeric,2012-04-30
hum,0.31070396080636337,0.24614693750831595,3.2023111437447397e-09,0.7500448954876302,numeric,2012-04-30
windspeed,0.24907105042550193,0.18997908073505715,1.1954398896539678e-05,0.2803962533411876,numeric,2012-04-30
weathersit,0.1666962345323103,,,,categorical,2012-04-30
workingday,0.02350645318667674,,,,categorical,2012-04-30
temp,0.330868317867697,0.3295560384973611,2.4635658557285013e-16,2.1411442009198924,numeric,2012-05-07
atemp,0.3055175633321526,0.3295560384973611,2.4635658557285013e-16,2.1659579404480223,numeric,2012-05-07
hum,0.17297201401516826,0.14140277346579738,0.0025514790125306416,0.3441493332454927,numeric,2012-05-07
windspeed,0.21804814780228166,0.15487463224967105,0.0006767060856532016,0.23858116186653697,numeric,2012-05-07
weathersit,0.14146375718868737,,,,categorical,2012-05-07
workingday,0.02350645318667674,,,,categorical,2012-05-07
temp,0.3407717048667065,0.3549067873035585,6.038737366459488e-19,1.910711861877438,numeric,2012-05-14
atemp,0.34155593066292034,0.3549067873035585,6.038737366459488e-19,2.000707955778445,numeric,2012-05-14
hum,0.07893445757988928,0.07547197705533626,0.2933040111814405,0.07684403977406898,numeric,2012-05-14
windspeed,0.15504066464764857,0.13640765216362857,0.004046357567680205,0.1024281240037413,numeric,2012-05-14
weathersit,0.10726852057184248,,,,categorical,2012-05-14
workingday,0.02350645318667674,,,,categorical,2012-05-14
temp,0.3958670078469831,0.47547345544861847,1.790279939753196e-34,2.127939639950267,numeric,2012-05-21
atemp,0.3720448224580296,0.48447687053710026,7.447043936201318e-36,2.2397040529580843,numeric,2012-05-21
hum,0.4199589531258717,0.32418577489983885,8.256727282699577e-16,1.384974004911122,numeric,2012-05-21
windspeed,0.19538401145813392,0.1362542688606023,0.0041028905277254776,0.2577258002297956,numeric,2012-05-21
weathersit,0.08789232861725878,,,,categorical,2012-05-21
workingday,0.02350645318667674,,,,categorical,2012-05-21
temp,0.3973923195826332,0.3923711210656259,3.319636015435828e-23,1.5256752784018766,numeric,2012-05-28
atemp,0.3881235886040371,0.3938051625493414,2.2284040273634853e-23,1.5190302023731839,numeric,2012-05-28
hum,0.08485738989189129,0.10240275868186455,0.05996614523112784,0.07957471211224876,numeric,2012-05-28
windspeed,0.08487455833000694,0.05553953962833193,0.6717876364055305,0.0544547808863586,numeric,2012-05-28
weathersit,0.12512566342898537,,,,categorical,2012-05-28
workingday,0.11935068967046614,,,,categorical,2012-05-28
temp,0.30273675236419734,0.3668115492083204,3.02115134912638e-20,1.327626741179098,numeric,2012-06-04
atemp,0.33161112658478337,0.3668115492083204,3.02115134912638e-20,1.3870337054494468,numeric,2012-06-04
hum,0.33009952686645955,0.2166807114028474,3.1518418721647313e-07,0.7124166448380229,numeric,2012-06-04
windspeed,0.15576390623896075,0.11856344524770479,0.01833187632484122,0.10900413008573348,numeric,2012-06-04
weathersit,0.2515486169630845,,,,categorical,2012-06-04
workingday,0.02350645318667674,,,,categorical,2012-06-04
temp,0.40094107945706836,0.4326776659126861,2.399008461753239e-28,1.7938018602341907,numeric,2012-06-11
atemp,0.4106493875537374,0.435471829216008,1.0033570527269098e-28,2.009162686192049,numeric,2012-06-11
hum,0.12449066966923572,0.1262640262562647,0.009803602819591799,0.21566496011862513,numeric,2012-06-11
windspeed,0.12340243447541813,0.1314568826599252,0.006285893603527367,0.20465949404611428,numeric,2012-06-11
weathersit,0.03726290267737022,,,,categorical,2012-06-11
workingday,0.02350645318667674,,,,categorical,2012-06-11
temp,0.5792440359151009,0.43151527919457133,3.452474069345041e-28,1.816526066244445,numeric,2012-06-18
atemp,0.5458970842753322,0.47466957910143254,2.3794356149080384e-34,1.8420841424850656,numeric,2012-06-18
hum,0.11173690465460202,0.13162504989577328,0.006194495955465812,0.23132232135441286,numeric,2012-06-18
windspeed,0.2505433590586146,0.21826998418119187,2.499132488608069e-07,0.3409583541846475,numeric,2012-06-18
weathersit,0.04324485149539481,,,,categorical,2012-06-18
workingday,0.02350645318667674,,,,categorical,2012-06-18
temp,0.6228633110424482,0.4693381233275676,1.5032507719150031e-33,1.8838697275641858,numeric,2012-06-25
atemp,0.5711476833583923,0.5065770021141024,2.1946002856813192e-39,1.9329503606426854,numeric,2012-06-25
hum,0.5397769462212982,0.3727713221271123,6.4732668788936604e-21,0.8457850227219459,numeric,2012-06-25
windspeed,0.18607000067547128,0.12550450170754424,0.010446113101429537,0.12934539756904082,numeric,2012-06-25
weathersit,0.2634533788678464,,,,categorical,2012-06-25
workingday,0.02350645318667674,,,,categorical,2012-06-25
temp,0.8146622528413899,0.6880811933590574,2.239870804420137e-77,3.350196922487004,numeric,2012-07-02
atemp,0.7668940553522242,0.6885468872429443,1.6894162759283564e-77,3.237811452258893,numeric,2012-07-02
hum,0.45438119464669,0.3128538903919221,9.876222670101607e-15,0.9109596987231021,numeric,2012-07-02
windspeed,0.23270948067197234,0.17212193787791427,0.00010344231464294592,0.19477817725391017,numeric,2012-07-02
weathersit,0.2039295693440369,,,,categorical,2012-07-02
workingday,0.11935068967046614,,,,categorical,2012-07-02
temp,0.5620748592651729,0.602035008352922,3.698890291721429e-57,2.4164899016264685,numeric,2012-07-09
atemp,0.5246876585915565,0.5639552933871469,1.5121695238984367e-49,2.1587413021645436,numeric,2012-07-09
hum,0.08131806868424427,0.09220738900962434,0.11583270195425703,0.09096042408485572,numeric,2012-07-09
windspeed,0.28650154045525805,0.2420795079907157,6.257844953798369e-09,0.5420753517013561,numeric,2012-07-09
weathersit,0.14288671072278647,,,,categorical,2012-07-09
workingday,0.02350645318667674,,,,categorical,2012-07-09
temp,0.56972605783146,0.5035703197764669,6.81424089795569e-39,2.0549987433747425,numeric,2012-07-16
atemp,0.5443503585511787,0.5125737348649487,2.2259249270393077e-40,2.1769755758663947,numeric,2012-07-16
hum,0.21392976725797627,0.19828025901450305,4.070430446105058e-06,0.26917791610466485,numeric,2012-07-16
windspeed,0.22569704695523163,0.1725063201312813,9.898397072109366e-05,0.29051615974597944,numeric,2012-07-16
weathersit,0.1117018524267826,,,,categorical,2012-07-16
workingday,0.02350645318667674,,,,categorical,2012-07-16
temp,0.6404932535986558,0.6265024171730164,1.8668183732288258e-62,2.645699082684969,numeric,2012-07-23
atemp,0.6141365505912368,0.5870847562868674,4.414794846185511e-54,2.625245603580273,numeric,2012-07-23
hum,0.13932914804964155,0.14361851539746603,0.002068407982522903,0.14260037538041764,numeric,2012-07-23
windspeed,0.10722269636465727,0.07673045933679278,0.2753683459594535,0.12256301485111999,numeric,2012-07-23
weathersit,0.2455962360107036,,,,categorical,2012-07-23
workingday,0.02350645318667674,,,,categorical,2012-07-23
temp,0.6373528998684231,0.6205500362206354,3.8877947123900375e-61,2.6141692515518784,numeric,2012-07-30
atemp,0.6324807426411688,0.5672521104064103,3.533475982806426e-50,2.578759305315369,numeric,2012-07-30
hum,0.19296239492081294,0.1554345737052971,0.0006387147584926279,0.6377654306390316,numeric,2012-07-30
windspeed,0.058619241882071065,0.05292093552726897,0.7278383263010614,0.053917624327980515,numeric,2012-07-30
weathersit,0.17416766458213212,,,,categorical,2012-07-30
workingday,0.02350645318667674,,,,categorical,2012-07-30
temp,0.5838064191836313,0.5722731035910172,3.7867334571188076e-51,2.432227161331186,numeric,2012-08-06
atemp,0.572313431170145,0.546098150530004,3.1882308444769063e-46,2.261328427810767,numeric,2012-08-06
hum,0.15954695114768622,0.1268516875859316,0.00933149349664288,0.15729153898346365,numeric,2012-08-06
windspeed,0.2366511466739399,0.17807431883029523,5.162000772286305e-05,0.1787119663198908,numeric,2012-08-06
weathersit,0.040273280998211126,,,,categorical,2012-08-06
workingday,0.02350645318667674,,,,categorical,2012-08-06
temp,0.5115677087696647,0.5288619328513772,3.730117664591145e-43,2.077479908209079,numeric,2012-08-13
atemp,0.30663475271108964,0.3996226401147233,4.3668098520997385e-24,1.6315974537402145,numeric,2012-08-13
hum,0.1417202107330398,0.15002180630091216,0.0011069669598259783,0.2678062391764049,numeric,2012-08-13
windspeed,0.2113327557776595,0.18850807941928713,1.4397514483057654e-05,0.27444466174523585,numeric,2012-08-13
weathersit,0.04321528362975117,,,,categorical,2012-08-13
workingday,0.02350645318667674,,,,categorical,2012-08-13
temp,0.4368722988522741,0.48508670776599994,6.008878679183195e-36,2.0781720691733625,numeric,2012-08-20
atemp,0.4185476831490308,0.5008131163051995,1.9213753037673243e-38,2.334681655525184,numeric,2012-08-20
hum,0.26906262950844373,0.20706930707706864,1.2350962610085374e-06,0.48276878947025936,numeric,2012-08-20
windspeed,0.37849129982062557,0.2852301119143715,2.804249120385549e-12,0.36690850858212726,numeric,2012-08-20
weathersit,0.13693432977040557,,,,categorical,2012-08-20
workingday,0.02350645318667674,,,,categorical,2012-08-20
temp,0.5560036935192169,0.540766694756139,2.931198891870484e-45,2.1518857901925164,numeric,2012-08-27
atemp,0.5189081383190433,0.5484321639242471,1.1938680870744491e-46,2.12375913704729,numeric,2012-08-27
hum,0.08788875185931798,0.08625500805724338,0.16475585254698433,0.14805432410227856,numeric,2012-08-27
windspeed,0.4167081778616243,0.2617920344169956,2.1822632885263056e-10,0.5497980780532102,numeric,2012-08-27
weathersit,0.12654861696308453,,,,categorical,2012-08-27
workingday,0.02350645318667674,,,,categorical,2012-08-27
temp,0.4916126847786271,0.45388336955396874,2.720287215688343e-31,1.811658805850164,numeric,2012-09-03
atemp,0.4818651483057562,0.44876258482281456,1.4480414206302555e-30,1.818202931464508,numeric,2012-09-03
hum,0.3752222358933858,0.3529719400955042,9.724298084567908e-19,0.6198723815871873,numeric,2012-09-03
windspeed,0.10031360469089314,0.07012573734864949,0.37853329572380223,0.12809663957781525,numeric,2012-09-03
weathersit,0.049167664582132106,,,,categorical,2012-09-03
workingday,0.11935068967046614,,,,categorical,2012-09-03
temp,0.34166377147982246,0.3781914814979081,1.5514855543676804e-21,2.0031857852512975,numeric,2012-09-10
atemp,0.3515462154056803,0.3781914814979081,1.5514855543676804e-21,2.19059877972623,numeric,2012-09-10
hum,0.22899531015498806,0.21878372584674977,2.3176763278506508e-07,0.5153256193535194,numeric,2012-09-10
windspeed,0.29564984386359183,0.2379825106074718,1.2146331373056373e-08,0.2916192544257987,numeric,2012-09-10
weathersit,0.2575009979154655,,,,categorical,2012-09-10
workingday,0.02350645318667674,,,,categorical,2012-09-10
temp,0.3387875778825795,0.3486494877367277,2.7893953294623083e-18,1.8548727279479689,numeric,2012-09-17
atemp,0.31182027536589646,0.3486494877367277,2.7893953294623083e-18,1.8042679276023117,numeric,2012-09-17
hum,0.12682748485719914,0.08747283452343993,0.15359646754638767,0.14249659605735815,numeric,2012-09-17
windspeed,0.11701474780257386,0.13106510844014724,0.006504543830155917,0.18202402780987995,numeric,2012-09-17
weathersit,0.07892956934403687,,,,categorical,2012-09-17
workingday,0.02350645318667674,,,,categorical,2012-09-17
temp,0.31464736624236783,0.3295560384973611,2.4635658557285013e-16,1.6547122316353835,numeric,2012-09-24
atemp,0.29546322818736837,0.3295560384973611,2.4635658557285013e-16,1.7395749117700414,numeric,2012-09-24
hum,0.16560353498140798,0.17711705918008308,5.781599563513355e-05,0.243669015195479,numeric,2012-09-24
windspeed,0.11134025175163806,0.10331936251681673,0.05632884473787318,0.294829447851907,numeric,2012-09-24
weathersit,0.08488195029641786,,,,categorical,2012-09-24
workingday,0.02350645318667674,,,,categorical,2012-09-24
temp,0.29182990592490754,0.2907426708653036,9.504129807084313e-13,1.6597259041732442,numeric,2012-10-01
atemp,0.28910371799587375,0.2907426708653036,9.504129807084313e-13,1.642020062537426,numeric,2012-10-01
hum,0.2905167986013445,0.22437759642820182,1.0080509028706707e-07,0.46139413143412916,numeric,2012-10-01
windspeed,0.38497876359452166,0.27925740305436053,8.838126403753598e-12,0.4344760384416117,numeric,2012-10-01
weathersit,0.16527328099821115,,,,categorical,2012-10-01
workingday,0.02350645318667674,,,,categorical,2012-10-01
temp,0.3962477967833448,0.4309534897473426,4.103693746786413e-28,2.4862388377307907,numeric,2012-10-08
atemp,0.3686100170756863,0.42195007465886075,6.4140843267311704e-27,2.406792114191671,numeric,2012-10-08
hum,0.12754283644535117,0.13523232950429473,0.004499129417254696,0.4898245556900023,numeric,2012-10-08
windspeed,0.08888453295290333,0.07788545408849662,0.2596117898632284,0.09406668763706377,numeric,2012-10-08
weathersit,0.043215283629751175,,,,categorical,2012-10-08
workingday,0.11935068967046614,,,,categorical,2012-10-08
temp,0.3499629991014654,0.38780473381528957,1.1645727344505677e-22,2.620207564008229,numeric,2012-10-15
atemp,0.3415045727972806,0.33861674132552744,3.041994666370901e-17,2.278370451903142,numeric,2012-10-15
hum,0.13837248452575288,0.1092735914608004,0.037008280544041885,0.3795581594473748,numeric,2012-10-15
windspeed,0.11361865617913781,0.09201150189973537,0.1172287880785988,0.06479360436123072,numeric,2012-10-15
weathersit,0.03134008959063289,,,,categorical,2012-10-15
workingday,0.02350645318667674,,,,categorical,2012-10-15
temp,0.35918191054406523,0.3086792773613637,2.4044457560630997e-14,2.3106800262188885,numeric,2012-10-22
atemp,0.34037312787916035,0.28867661625345575,1.4295403774518312e-12,2.286195765655198,numeric,2012-10-22
hum,0.2406194753992973,0.24003378128649783,8.725730686433393e-09,0.4908761421900104,numeric,2012-10-22
windspeed,0.20402313281838189,0.214172986797948,4.5297136420863346e-07,0.26376434236614654,numeric,2012-10-22
weathersit,0.22026766310373888,,,,categorical,2012-10-22
workingday,0.02350645318667674,,,,categorical,2012-10-22
temp,0.5799854072129764,0.6361989971117571,3.201124822857142e-51,3.2834127672158693,numeric,2012-10-29
atemp,0.5483924743692231,0.6361989971117571,3.201124822857142e-51,3.2870244533437667,numeric,2012-10-29
hum,0.2692133248236842,0.2241093016473333,3.4470158593600617e-06,0.9387383393508764,numeric,2012-10-29
windspeed,0.12363471091409135,0.14284101493042817,0.009120921634698647,0.28404809342893605,numeric,2012-10-29
weathersit,0.16094427666920685,,,,categorical,2012-10-29
workingday,0.05441562473540121,,,,categorical,2012-10-29
temp,0.5485684431612817,0.5298202105568435,4.4718887192688134e-43,2.694329960221079,numeric,2012-11-05
atemp,0.5252318105857586,0.5298202105568435,4.4718887192688134e-43,2.5894626469092468,numeric,2012-11-05
hum,0.29328594815856457,0.2701461405038417,5.569438822929555e-11,0.4984884080694172,numeric,2012-11-05
windspeed,0.09739432788834305,0.08094336009756334,0.2238689368193152,0.06076713231500905,numeric,2012-11-05
weathersit,0.09528970621315581,,,,categorical,2012-11-05
workingday,0.02179558920036362,,,,categorical,2012-11-05
temp,0.536695363922933,0.5501600360727961,5.72491479598724e-47,2.574127468728876,numeric,2012-11-12
atemp,0.5032558534826295,0.5501600360727961,5.72491479598724e-47,2.5190179888636957,numeric,2012-11-12
hum,0.2085676705910854,0.17100390295826495,0.00011754589016074058,0.640699834451732,numeric,2012-11-12
windspeed,0.13727376486452836,0.10764735885040139,0.041603921887593466,0.15702082583293597,numeric,2012-11-12
weathersit,0.031340089590632864,,,,categorical,2012-11-12
workingday,0.11935068967046614,,,,categorical,2012-11-12
temp,0.5576679126236718,0.5957241170296123,7.608865094415488e-56,2.9268747875311094,numeric,2012-11-19
atemp,0.5084253230618667,0.5957241170296123,7.608865094415488e-56,2.925468844965113,numeric,2012-11-19
hum,0.2556240941860515,0.20435830339586936,1.794029281024776e-06,0.7095867977953045,numeric,2012-11-19
windspeed,0.20628204511334838,0.2078491595334191,1.1080553988226981e-06,0.29055650860535953,numeric,2012-11-19
weathersit,0.08491151816206148,,,,categorical,2012-11-19
workingday,0.11935068967046614,,,,categorical,2012-11-19
temp,0.6315657518658225,0.6331884507916796,1.3575833714375223e-63,3.121525282217835,numeric,2012-11-26
atemp,0.5879878663577958,0.6331884507916796,1.3575833714375223e-63,3.252896550327831,numeric,2012-11-26
hum,0.1636226300541099,0.17587055011368136,7.105024898085153e-05,0.3081430928781946,numeric,2012-11-26
windspeed,0.4181070113663465,0.25420007547773127,9.302060913483249e-10,0.40713590415381784,numeric,2012-11-26
weathersit,0.13333438679920512,,,,categorical,2012-11-26
workingday,0.02179558920036362,,,,categorical,2012-11-26
temp,0.43801866964316527,0.5077985245635044,1.3862738450360043e-39,2.4346918014130683,numeric,2012-12-03
atemp,0.39072446573614644,0.5050043612601824,3.9906290381996255e-39,2.184189675018021,numeric,2012-12-03
hum,0.30070149761239484,0.22771322127112253,6.072975039733819e-08,0.2382249433234566,numeric,2012-12-03
windspeed,0.185033933624566,0.16060155822651942,0.00037091970937206336,0.19125432850429427,numeric,2012-12-03
weathersit,0.15932090004583022,,,,categorical,2012-12-03
workingday,0.02350645318667674,,,,categorical,2012-12-03
temp,0.5576106248839873,0.5747678922546976,1.2385779247125503e-51,2.739798849043023,numeric,2012-12-10
atemp,0.5227814372336245,0.5747678922546976,1.2385779247125503e-51,2.8595303833965544,numeric,2012-12-10
hum,0.12322592806138287,0.13925171124022412,0.003118346021279845,0.2502016000327576,numeric,2012-12-10
windspeed,0.17214874046299095,0.14684141275262044,0.0015152126964843074,0.18151120823846895,numeric,2012-12-10
weathersit,0.21431528215135792,,,,categorical,2012-12-10
workingday,0.02350645318667674,,,,categorical,2012-12-10
temp,0.5632323180056805,0.5957241170296123,7.608865094415488e-56,2.7653279980580523,numeric,2012-12-17
atemp,0.5309372063520275,0.5957241170296123,7.608865094415488e-56,2.8147043247511294,numeric,2012-12-17
hum,0.11826442828385725,0.10760115906033323,0.04174181197188789,0.184261197401643,numeric,2012-12-17
windspeed,0.18659144901287775,0.12989902573882706,0.007196057574974664,0.21355237330621238,numeric,2012-12-17
weathersit,0.05955337738945317,,,,categorical,2012-12-17
workingday,0.02350645318667674,,,,categorical,2012-12-17
temp,0.7612187339859283,0.7274082358617955,2.7298576490269684e-87,3.6988612270861627,numeric,2012-12-24
atemp,0.7607462055011042,0.7109836427361106,1.2478783640821484e-82,3.4574354969129617,numeric,2012-12-24
hum,0.19424732007317405,0.19388014647849391,8.370600874477849e-06,0.265635365162658,numeric,2012-12-24
windspeed,0.1844562348509087,0.12415137108508545,0.012393669428323302,0.16566949222300814,numeric,2012-12-24
weathersit,0.34613960343079864,,,,categorical,2012-12-24
workingday,0.11849010447253153,,,,categorical,2012-12-24
