week,n,target_mean,drift_score,mae,rmse,covariate_alert,error_exceedance,performance_alert
2012-01-02,167,130.96407185628743,0.38892811445201136,61.635145933925315,90.24518765391417,True,True,False
2012-01-09,167,121.35329341317366,0.28091140726994523,63.46771276518911,92.22193711299919,False,True,True
2012-01-16,167,109.83233532934132,0.39935751114514,57.0879083982258,83.15007135368175,True,True,True
2012-01-23,168,153.79761904761904,0.26819755378806615,89.73007693146833,120.48230913910083,False,True,True
2012-01-30,168,157.16071428571428,0.24343109350915762,78.70337538539835,110.18460010432182,False,True,True
2012-02-06,167,133.65269461077844,0.3070786936024693,66.02537882718367,97.96743087661802,False,True,True
2012-02-13,168,152.85119047619048,0.27771112395760267,77.48787021865517,111.17198807741038,False,True,True
2012-02-20,166,158.7289156626506,0.30679730510372966,81.05637481832456,110.46531059720404,False,True,True
2012-02-27,167,156.83832335329342,0.22222302980716424,71.80308447477594,104.02779941425837,False,True,True
2012-03-05,167,186.73652694610777,0.3709797147447133,90.67405356080735,122.2879737034262,True,True,True
2012-03-12,168,248.54166666666666,0.18191723986930772,125.97560297827344,170.04201243303072,False,True,True
2012-03-19,168,250.45833333333334,0.28546107722155,135.70688061884178,183.33119371808965,False,True,True
2012-03-26,168,239.4404761904762,0.24911904472158186,124.83271132432111,165.87100195961133,False,True,True
2012-04-02,167,263.9940119760479,0.33274435500786487,107.53938653479156,145.51147689862893,True,True,True
2012-04-09,167,256.07185628742513,0.28763211063153366,104.11326128606028,139.51431769874748,False,True,True
2012-04-16,168,231.75,0.1669767678233328,98.95060312395886,143.0666009045835,False,True,True
2012-04-23,168,219.20238095238096,0.19007187517631555,84.96264227794734,118.53523902858173,False,True,True
2012-04-30,168,258.57142857142856,0.22753000251258138,78.98606266529517,107.68091123726157,False,True,True
2012-05-07,168,261.11309523809524,0.19872937556544393,77.3542831079383,103.23325925768702,False,True,True
2012-05-14,168,272.7857142857143,0.17451295525261398,89.92104590743864,121.81804156526069,False,True,True
2012-05-21,168,251.92261904761904,0.24910892944882565,68.78595112534379,96.08489979047246,False,True,True
2012-05-28,168,273.01785714285717,0.19995403491800334,91.27895258625134,124.62758230259749,False,True,True
2012-06-04,168,299.8809523809524,0.232544397034027,96.35319742388631,124.05233336937563,False,True,True
2012-06-11,168,290.26785714285717,0.1867088211699178,95.44189936507021,126.85878500303807,False,True,True
2012-06-18,168,263.1666666666667,0.2590287814309535,77.19701610268837,102.23159491252248,False,True,True
2012-06-25,168,268.54761904761904,0.3678029622253555,80.27472775154995,106.3481928084121,True,True,True
2012-07-02,168,251.48809523809524,0.4319878737544632,81.06642516248701,109.4469564363556,True,True,True
2012-07-09,168,286.1190476190476,0.27016254848428245,92.4691218777775,123.53520164745134,False,True,True
2012-07-16,168,259.875,0.28148525603488433,95.63833503296915,131.87193059984565,False,True,True
2012-07-23,168,296.29761904761904,0.2950473896335953,103.84029474298967,136.14701767807227,False,True,True
2012-07-30,168,289.4345238095238,0.28651489951354747,107.96266376857342,142.62500130974783,False,True,True
2012-08-06,168,284.13690476190476,0.269349613726715,99.68936687834682,132.2705476346301,False,True,True
2012-08-13,168,286.7916666666667,0.20632952746798025,101.17387025410032,133.06496133291523,False,True,True
2012-08-20,168,283.1309523809524,0.27723578238124275,103.3295834910244,136.83923249257674,False,True,True
2012-08-27,168,289.6845238095238,0.2882606386181606,102.72003159628942,138.1734104908207,False,True,True
2012-09-03,168,285.23809523809524,0.2695886713202101,100.68231294082645,138.03256780934342,False,True,True
2012-09-10,168,327.51190476190476,0.24981043200103747,118.94949198776786,157.8258431980397,False,True,True
2012-09-17,168,301.9166666666667,0.16614768473982708,113.4879586930301,153.6455809586642,False,True,True
2012-09-24,168,315.23214285714283,0.16590713077431282,112.69449288948809,151.7119901647195,False,True,True
2012-10-01,168,273.5,0.24086815338358922,106.61390105367325,149.36548135564064,False,True,True
2012-10-08,168,286.67261904761904,0.19064185942625048,121.78489250179366,166.37992989065302,False,True,True
2012-10-15,168,289.98214285714283,0.1663842092301577,114.39339337714384,161.6056355326523,False,True,True
2012-10-22,168,293.63690476190476,0.23132862715522004,115.12831957841301,156.6172141141217,False,True,True
2012-10-29,132,217.8939393939394,0.28943096978743055,88.6464468179742,123.62447361795363,False,True,True
2012-11-05,167,243.562874251497,0.2635943042012446,93.14520375084413,127.00312114276836,False,True,True
2012-11-12,168,222.01785714285714,0.2560805720203792,82.45278965056384,116.65708503765228,False,True,True
2012-11-19,168,162.58928571428572,0.28871026380291104,72.21846201886117,103.45420339916252,False,True,True
2012-11-26,167,210.4011976047904,0.32606887260727396,83.23708313558737,118.4015402992563,False,True,True
2012-12-03,168,224.77380952380952,0.24955098664146322,92.7168360283722,130.9966306230394,False,True,True
2012-12-10,168,214.08333333333334,0.26893141099667,85.1334239083413,117.27949067753617,False,True,True
2012-12-17,168,158.9047619047619,0.2470142053717621,68.4149493161995,97.68256980809889,False,True,True
2012-12-24,166,64.57831325301204,0.39421636705240753,44.093604257286394,60.03411498648787,True,False,False
