policy,week,n,mae,rmse,retrained_after_batch,training_rows_if_updated,latest_label_used_if_updated
frozen,2012-01-02,167,61.635145933925315,90.24518765391417,False,0,
frozen,2012-01-09,167,63.46771276518911,92.22193711299919,False,0,
frozen,2012-01-16,167,57.0879083982258,83.15007135368175,False,0,
frozen,2012-01-23,168,89.73007693146833,120.48230913910083,False,0,
frozen,2012-01-30,168,78.70337538539835,110.18460010432182,False,0,
frozen,2012-02-06,167,66.02537882718367,97.96743087661802,False,0,
frozen,2012-02-13,168,77.48787021865517,111.17198807741038,False,0,
frozen,2012-02-20,166,81.05637481832456,110.46531059720404,False,0,
frozen,2012-02-27,167,71.80308447477594,104.02779941425837,False,0,
frozen,2012-03-05,167,90.67405356080735,122.2879737034262,False,0,
frozen,2012-03-12,168,125.97560297827344,170.04201243303072,False,0,
frozen,2012-03-19,168,135.70688061884178,183.33119371808965,False,0,
frozen,2012-03-26,168,124.83271132432111,165.87100195961133,False,0,
frozen,2012-04-02,167,107.53938653479156,145.51147689862893,False,0,
frozen,2012-04-09,167,104.11326128606028,139.51431769874748,False,0,
frozen,2012-04-16,168,98.95060312395886,143.0666009045835,False,0,
frozen,2012-04-23,168,84.96264227794734,118.53523902858173,False,0,
frozen,2012-04-30,168,78.98606266529517,107.68091123726157,False,0,
frozen,2012-05-07,168,77.3542831079383,103.23325925768702,False,0,
frozen,2012-05-14,168,89.92104590743864,121.81804156526069,False,0,
frozen,2012-05-21,168,68.78595112534379,96.08489979047246,False,0,
frozen,2012-05-28,168,91.27895258625134,124.62758230259749,False,0,
frozen,2012-06-04,168,96.35319742388631,124.05233336937563,False,0,
frozen,2012-06-11,168,95.44189936507021,126.85878500303807,False,0,
frozen,2012-06-18,168,77.19701610268837,102.23159491252248,False,0,
frozen,2012-06-25,168,80.27472775154995,106.3481928084121,False,0,
frozen,2012-07-02,168,81.06642516248701,109.4469564363556,False,0,
frozen,2012-07-09,168,92.4691218777775,123.53520164745134,False,0,
frozen,2012-07-16,168,95.63833503296915,131.87193059984565,False,0,
frozen,2012-07-23,168,103.84029474298967,136.14701767807227,False,0,
frozen,2012-07-30,168,107.96266376857342,142.62500130974783,False,0,
frozen,2012-08-06,168,99.68936687834682,132.2705476346301,False,0,
frozen,2012-08-13,168,101.17387025410032,133.06496133291523,False,0,
frozen,2012-08-20,168,103.3295834910244,136.83923249257674,False,0,
frozen,2012-08-27,168,102.72003159628942,138.1734104908207,False,0,
frozen,2012-09-03,168,100.68231294082645,138.03256780934342,False,0,
frozen,2012-09-10,168,118.94949198776786,157.8258431980397,False,0,
frozen,2012-09-17,168,113.4879586930301,153.6455809586642,False,0,
frozen,2012-09-24,168,112.69449288948809,151.7119901647195,False,0,
frozen,2012-10-01,168,106.61390105367325,149.36548135564064,False,0,
frozen,2012-10-08,168,121.78489250179366,166.37992989065302,False,0,
frozen,2012-10-15,168,114.39339337714384,161.6056355326523,False,0,
frozen,2012-10-22,168,115.12831957841301,156.6172141141217,False,0,
frozen,2012-10-29,132,88.6464468179742,123.62447361795363,False,0,
frozen,2012-11-05,167,93.14520375084413,127.00312114276836,False,0,
frozen,2012-11-12,168,82.45278965056384,116.65708503765228,False,0,
frozen,2012-11-19,168,72.21846201886117,103.45420339916252,False,0,
frozen,2012-11-26,167,83.23708313558737,118.4015402992563,False,0,
frozen,2012-12-03,168,92.7168360283722,130.9966306230394,False,0,
frozen,2012-12-10,168,85.1334239083413,117.27949067753617,False,0,
frozen,2012-12-17,168,68.4149493161995,97.68256980809889,False,0,
frozen,2012-12-24,166,44.093604257286394,60.03411498648787,False,0,
scheduled,2012-01-02,167,61.635145933925315,90.24518765391417,False,0,
scheduled,2012-01-09,167,63.46771276518911,92.22193711299919,False,0,
scheduled,2012-01-16,167,57.0879083982258,83.15007135368175,False,0,
scheduled,2012-01-23,168,89.73007693146833,120.48230913910083,True,4273,2012-01-29 23:00:00
scheduled,2012-01-30,168,36.014953729762446,55.97346630543799,False,0,
scheduled,2012-02-06,167,31.734938720876855,49.6689708755474,False,0,
scheduled,2012-02-13,168,37.57898978802267,56.749908080608506,False,0,
scheduled,2012-02-20,166,40.53292833001584,59.349364619683065,True,4283,2012-02-26 23:00:00
scheduled,2012-02-27,167,33.81955617648535,58.05673915423639,False,0,
scheduled,2012-03-05,167,39.87052230528415,59.267271576717214,False,0,
scheduled,2012-03-12,168,76.68378885092054,110.2066118784404,False,0,
scheduled,2012-03-19,168,95.95963720707145,131.49703202393167,True,4284,2012-03-25 23:00:00
scheduled,2012-03-26,168,48.308476864523485,70.79726845377527,False,0,
scheduled,2012-04-02,167,75.6817113650173,103.24411625226068,False,0,
scheduled,2012-04-09,167,66.28932128758385,93.84723703115884,False,0,
scheduled,2012-04-16,168,62.89786132148164,88.54031464626459,True,4283,2012-04-22 23:00:00
scheduled,2012-04-23,168,29.34346457672507,41.15999789552273,False,0,
scheduled,2012-04-30,168,53.71997838597618,83.14884673170522,False,0,
scheduled,2012-05-07,168,62.552589013533265,88.25713286678413,False,0,
scheduled,2012-05-14,168,71.7887527860659,100.71606523922702,True,4283,2012-05-20 23:00:00
scheduled,2012-05-21,168,40.64945749910349,62.91589879517595,False,0,
scheduled,2012-05-28,168,65.91884010564937,100.26752816496088,False,0,
scheduled,2012-06-04,168,60.443993265747245,87.74880611993868,False,0,
scheduled,2012-06-11,168,69.2818882560348,96.18041750744611,True,4284,2012-06-17 23:00:00
scheduled,2012-06-18,168,37.11017433111884,52.32479065517929,False,0,
scheduled,2012-06-25,168,47.977232636757,69.58033043169007,False,0,
scheduled,2012-07-02,168,67.5333953638152,103.89929655115958,False,0,
scheduled,2012-07-09,168,44.50979293622151,63.86632116644224,True,4314,2012-07-15 23:00:00
scheduled,2012-07-16,168,47.304497953180466,74.39126508964902,False,0,
scheduled,2012-07-23,168,37.24091608446979,52.63739267581953,False,0,
scheduled,2012-07-30,168,45.700112004854496,69.48621674419428,False,0,
scheduled,2012-08-06,168,43.67660201171517,67.48720691313387,True,4315,2012-08-12 23:00:00
scheduled,2012-08-13,168,32.006412475792246,51.19272333667001,False,0,
scheduled,2012-08-20,168,35.36964823057319,56.41519011282727,False,0,
scheduled,2012-08-27,168,30.26914135110271,44.76346151602255,False,0,
scheduled,2012-09-03,168,48.1703618687428,68.89461625094629,True,4319,2012-09-09 23:00:00
scheduled,2012-09-10,168,30.658888211197272,45.6596741721535,False,0,
scheduled,2012-09-17,168,39.3379931323057,59.36123291115009,False,0,
scheduled,2012-09-24,168,34.1501061299613,49.6475190396214,False,0,
scheduled,2012-10-01,168,54.37124782598479,83.74493467572876,True,4320,2012-10-07 23:00:00
scheduled,2012-10-08,168,35.35052502152238,52.70502180775471,False,0,
scheduled,2012-10-15,168,44.06196237020192,66.85960626658591,False,0,
scheduled,2012-10-22,168,35.05236069699033,51.0872636049058,False,0,
scheduled,2012-10-29,132,44.27779046442159,75.10121771571015,True,4285,2012-11-04 23:00:00
scheduled,2012-11-05,167,42.07284860252789,61.76873805206835,False,0,
scheduled,2012-11-12,168,36.547268483961076,56.2417125803087,False,0,
scheduled,2012-11-19,168,92.20466128248115,139.23098829798204,False,0,
scheduled,2012-11-26,167,38.249503738398225,55.807304184369805,True,4283,2012-12-02 23:00:00
scheduled,2012-12-03,168,41.76626050836522,59.690159086074246,False,0,
scheduled,2012-12-10,168,35.31548398538646,49.138608438927214,False,0,
scheduled,2012-12-17,168,69.61188348783575,100.13843698068823,False,0,
scheduled,2012-12-24,166,114.03750418519327,160.30974959005133,False,0,
error_triggered,2012-01-02,167,61.635145933925315,90.24518765391417,False,0,
error_triggered,2012-01-09,167,63.46771276518911,92.22193711299919,True,4274,2012-01-15 23:00:00
error_triggered,2012-01-16,167,21.91684237115815,33.71609933970582,False,0,
error_triggered,2012-01-23,168,29.96365556904424,42.09306717411218,False,0,
error_triggered,2012-01-30,168,34.123978712052036,52.223673681224525,False,0,
error_triggered,2012-02-06,167,26.744846945514503,41.68021818359327,False,0,
error_triggered,2012-02-13,168,31.609252504580603,49.12427985014622,False,0,
error_triggered,2012-02-20,166,37.23673364371912,55.07520753403072,False,0,
error_triggered,2012-02-27,167,36.95179754363734,60.02511095727539,False,0,
error_triggered,2012-03-05,167,44.466718050268554,66.99197721490835,False,0,
error_triggered,2012-03-12,168,74.9158198393851,112.1561141916358,False,0,
error_triggered,2012-03-19,168,95.06648132580473,130.60871690589087,True,4284,2012-03-25 23:00:00
error_triggered,2012-03-26,168,48.308476864523485,70.79726845377527,False,0,
error_triggered,2012-04-02,167,75.6817113650173,103.24411625226068,False,0,
error_triggered,2012-04-09,167,66.28932128758385,93.84723703115884,False,0,
error_triggered,2012-04-16,168,62.89786132148164,88.54031464626459,True,4283,2012-04-22 23:00:00
error_triggered,2012-04-23,168,29.34346457672507,41.15999789552273,False,0,
error_triggered,2012-04-30,168,53.71997838597618,83.14884673170522,False,0,
error_triggered,2012-05-07,168,62.552589013533265,88.25713286678413,False,0,
error_triggered,2012-05-14,168,71.7887527860659,100.71606523922702,True,4283,2012-05-20 23:00:00
error_triggered,2012-05-21,168,40.64945749910349,62.91589879517595,False,0,
error_triggered,2012-05-28,168,65.91884010564937,100.26752816496088,False,0,
error_triggered,2012-06-04,168,60.443993265747245,87.74880611993868,False,0,
error_triggered,2012-06-11,168,69.2818882560348,96.18041750744611,True,4284,2012-06-17 23:00:00
error_triggered,2012-06-18,168,37.11017433111884,52.32479065517929,False,0,
error_triggered,2012-06-25,168,47.977232636757,69.58033043169007,False,0,
error_triggered,2012-07-02,168,67.5333953638152,103.89929655115958,False,0,
error_triggered,2012-07-09,168,44.50979293622151,63.86632116644224,False,0,
error_triggered,2012-07-16,168,45.48574065162762,67.56161343544332,False,0,
error_triggered,2012-07-23,168,45.829997468015115,65.99299437149394,False,0,
error_triggered,2012-07-30,168,48.71709039079127,74.6475409676249,False,0,
error_triggered,2012-08-06,168,46.040505706599824,69.90284375744459,False,0,
error_triggered,2012-08-13,168,48.22419977034836,71.8913813064047,False,0,
error_triggered,2012-08-20,168,52.18375055804635,76.60909135862568,True,4317,2012-08-26 23:00:00
error_triggered,2012-08-27,168,28.932264721931514,43.775883144699435,False,0,
error_triggered,2012-09-03,168,46.61198817035376,68.32056522665005,False,0,
error_triggered,2012-09-10,168,37.93983216515424,55.226463800161,False,0,
error_triggered,2012-09-17,168,46.78431361814825,67.86817982756176,False,0,
error_triggered,2012-09-24,168,42.815783081541085,62.18089213018972,False,0,
error_triggered,2012-10-01,168,55.56890121261631,86.15894490608152,False,0,
error_triggered,2012-10-08,168,49.701695998501386,75.80420979964371,True,4321,2012-10-14 23:00:00
error_triggered,2012-10-15,168,37.05650845332941,58.872796331454445,False,0,
error_triggered,2012-10-22,168,32.59817023467822,48.52103300740658,False,0,
error_triggered,2012-10-29,132,47.23523650267646,77.95264715034115,False,0,
error_triggered,2012-11-05,167,44.89077531541731,65.48859570020056,False,0,
error_triggered,2012-11-12,168,43.88096788574024,65.55314371399365,False,0,
error_triggered,2012-11-19,168,101.29166681301021,146.765793040862,False,0,
error_triggered,2012-11-26,167,46.214703569128176,70.83076084757907,False,0,
error_triggered,2012-12-03,168,44.738049325955615,70.5141277767868,False,0,
error_triggered,2012-12-10,168,41.41181774526733,62.71099631576767,False,0,
error_triggered,2012-12-17,168,85.16959720812027,127.56687900224152,False,0,
error_triggered,2012-12-24,166,138.79028068120945,184.8036034532403,False,0,
